{
  "Ash": "The embers may still be of some use",
  "Atine": "A paralyzing stench eminates from it",
  "BlackpowderVase": "A single touch could make it go",
  "Fireplace": "Hot enough to forge",
  "Firestarter": "Pyrokinetics at my fingertips",
  "Lantern": "Now I'm the lantern bearer!",
  "LightBulb": "Light? Yeah, guess I need to eat more",
  "Mud": "I prefer clay",
  "Myc": "Greasy... and heavy...",
  "Pickaxe": "My one and only friend...",
  "Rocks": "Rock my world indeed",
  "Shroom": "Probably the only edible thing here",
  "Tin": "Glistening and shiny metal",
  "TinTrap": "I'd be scared if it gets sprung by anyone else but me...",
  "Wood": "Rotten sticks and chips!",
  "Dust": "Can't see a thing!",
  "Fire": "Hot to the touch, obviously",
  "Roots": "Roots... Twisting and turning about",
  "Silt": "Useless silt...",
  "MuddiedStick": "Probably could throw this...",
  "Muddied": "Seems to slow things down enough",
  "FlyRock": "It reeks and burns my nose hairs...",
  "Rail": "Truly railed, hard",
  "SpikyStone": "Spiked? Doubt it...",
  "Salt": "Salted, saltine, salt",
  "Lilypad": "Lily's pad? Bet it's a nice place...",
  "Fishy": "FISHIES!! YAY :D",
  "Grate": "A grate, to somewhere else...",
  "Water": "Dry water, eh?",

  "Normal": "I feel... normal, for the most part",
  "Slight_Hunger": "I could use a bite",
  "Hunger": "I feel hungry",
  "Starving": "I am... starving...",

  "First_Hit": "Ow- crap... I got hit",
  "Second_Hit": "ARRGH! I got hit again!",
  "Third_Hit": "...ah, I-I don't think I can go on...",
  "Dead": "..w-well... guess that's it... heh..."
}
