{
  "Ash": "The embers may still be of some use",
  "Atine": "A paralyzing stench eminates from it",
  "BlackpowderVase": "A single touch could make it go",
  "Fireplace": "Hot enough to forge",
  "Firestarter": "Pyrokinetics at my fingertips",
  "Lantern": "Now I'm the lantern bearer!",
  "LightBulb": "Light? Yeah, guess I need to eat more",
  "Mud": "I prefer clay",
  "Myc": "Greasy... and heavy...",
  "Pickaxe": "My one and only friend...",
  "Rocks": "Rock my world indeed",
  "Shroom": "Probably the only edible thing here",
  "Tin": "Glistening and shiny metal",
  "TinTrap": "I'd be scared if it gets sprung by anyone else but me...",
  "Wood": "Rotten sticks and chips!",
  "Dust": "Can't see a thing!",
  "Fire": "Hot to the touch, obviously",
  "Roots": "Roots... Twisting and turning about",
  "Silt": "Useless silt...",
  "MuddiedStick": "Probably could throw this...",
  "Muddied": "Seems to slow things down enough",
  "FlyRock": "Sticky and smelly, burning the hairs of my nose",
  "Rail": "Truly railed, hard",
  "SpikyStone": "Spiked? Doubt it...",
  "Lilypad": "Lily's pad? Bet it's a nice place...",
  "Fishy": "FISHIES!! YAY :D",
  "Grate": "A grate, to somewhere else...",
  "Water": "Dry water, eh?",
  "Whirl": "P-pretty sure I shouldn't be n-NEAR THAT AH!!",
  "Tumbleweed": "Tumble'd'ed weed's",
  "Knapsack": "This knapsack can hold stuff",
  "Cloth": "A very versatile crafting material, lots of uses",
  "SapphireCloth": "Could be combined with something similar...",
  "RubyCloth": "Could be combined with something similar...",
  "LuxurySilk": "Can be used to upgrade... something",
  "Rucksack": "This rucksack holds a lot of stuff",
  "Snow": "Permafrost...",
  "FlyWaste": "God... it's even worse when it's dead",
  "Cover": "This'll keep me out of sight, I hope",
  "Soil": "Something will eventually grow from it",
  "DiggingTool": "Digs up dirt... not on me though",
  "Hemp": "Very clothy",
  "FireThrow": "A throw of fire",
  "TreasureMaw": "Maybe a trade for its treasure?",
  "Stone": "It's stone... what'd I expect?",
  "Planks": "Old rotten planks of wood",
  "TinHead": "A tin pick head, should combine it with something sturdy",
  "PickBase": "A sturdy base for any pickaxes!",
  "TinPick": "A better friend!",
  "Button": "A polished, shiny button",
  "Salt": "I prefer pepper",
  "PopRocks": "These salted spiky rocks can float on water!",
  "Float": "A little floating platform",
  "Pumpkin": "I remember what THEY did to that poor pumpkin...",
  "Fence": "A slightly broken fence",
  "Glass": "Reflectively perfectly glass...ly",
  "Blood": "Th-this doesn't feel right...",
  "Bottle": "Can collect liquids from many sources",

  "Normal": "I feel... normal, for the most part",
  "Slight_Hunger": "I could use a bite",
  "Hunger": "I feel hungry",
  "Starving": "I am... starving...",

  "First_Hit": "Ow- crap... I got hit",
  "Second_Hit": "ARRGH! I got hit again!",
  "Third_Hit": "...ah, I-I don't think I can go on...",
  "Dead": "..w-well... guess that's it... heh..."
}
